,Years,England PFD,England population,Wales PFD,Wales population,England preventable mortality,Wales preventable mortality,England preventable deaths,Wales preventable deaths,England PFD ratio,Wales PFD ratio
0,2014,542,54316600,25,3092000,147.6,162.0,80171.30159999999,5009.04,6.760523893003628,4.9909763148228
1,2015,408,54786300,26,3099100,146.7,169.7,80371.5021,5259.1727,5.076426212519425,4.943743338187012
2,2016,450,55268100,22,3113200,145.8,173.5,80580.8898,5401.402,5.5844506199533175,4.0730165982831865
3,2017,417,55619400,23,3125200,142.7,167.5,79368.8838,5234.71,5.253948147372082,4.393748650832616
4,2018,375,55977200,12,3138600,143.5,168.7,80327.282,5294.8182,4.668401452945961,2.26636676590709
5,2019,501,56287000,25,3152900,140.6,162.7,79139.522,5129.7683,6.330591685908844,4.873514462631773
6,2020,299,56550000,12,3170000,175.4,189.8,99188.70000000001,6016.660000000001,3.0144562838307185,1.9944620437252558
