,Year,TDR_TDR_TDR,TDR_IQ_T,PFD_reports,PM_Standard,PM_NonStandard,PM,PFD/reports (%),PFD/Inquests (%),PFD/PM (%),Inq/PM (%),PM/Report (%)
0,2014,209641,24335,543,79648,4602,84250,0.25901421954674897,2.231354016848161,0.6445103857566765,28.884272997032642,40.1877495337267
1,2015,222174,31036,463,79851,4024,83875,0.20839522176312258,1.4918159556643897,0.5520119225037258,37.002682563338304,37.751942171451205
2,2016,226909,36516,457,77160,4098,81258,0.20140232427977736,1.2515061890678059,0.5624061630854809,44.93834453223067,35.81083165498063
3,2017,215469,29883,421,76487,3860,80347,0.19538773559073463,1.4088277616035874,0.5239772486838339,37.19242784422567,37.28935484918944
4,2018,206757,27554,406,76459,3959,80418,0.1963657820533283,1.4734702765478696,0.5048620955507473,34.263473351737176,38.89493463341024
5,2019,197606,28430,503,72801,4306,77107,0.25454692671275164,1.7692578262398875,0.6523402544516063,36.87084181721504,39.020576298290536
6,2020,192016,29691,299,69559,4719,74278,0.15571619031747355,1.0070391701188912,0.4025418024179434,39.97280486819785,38.68323473043913
7,2021,182262,31074,415,74541,4961,79502,0.22769419846155534,1.3355216579777305,0.5219994465548037,39.08580916203366,43.61962449660379
