,Year,TDR_TDR_TDR,TDR_IQ_T,PFD_reports,PM_Standard,PM_NonStandard,PM,PFD/reports (%),PFD/Inquests (%),PFD/PM (%),Inq/PM (%),PM/Report (%)
0,2014,14200,1554,25,5302,323,5625,0.176056338028169,1.6087516087516087,0.4444444444444444,27.626666666666665,39.61267605633803
1,2015,14232,1821,29,5072,279,5351,0.20376616076447443,1.5925315760571115,0.541954774808447,34.03102223883386,37.59836987071388
2,2016,14302,2110,22,4975,312,5287,0.15382463991050202,1.042654028436019,0.4161149990542841,39.90921127293361,36.96685778212837
3,2017,14317,1676,23,4999,227,5226,0.16064818048473842,1.3723150357995226,0.440107156525067,32.07041714504401,36.502060487532304
4,2018,13891,1540,12,4948,227,5175,0.08638686919588223,0.7792207792207793,0.2318840579710145,29.758454106280194,37.25433734072421
5,2019,13306,1539,25,4751,214,4965,0.18788516458740417,1.6244314489928524,0.5035246727089627,30.996978851963746,37.31399368705847
6,2020,13422,2300,12,4878,201,5079,0.08940545373267769,0.5217391304347826,0.23626698168930893,45.28450482378421,37.84085829235583
7,2021,12918,1688,18,4837,260,5097,0.13934045517882024,1.066350710900474,0.3531489111241907,33.11752010986855,39.4565722248026
